<?xml version="1.0" encoding="UTF-8"?>
<!DOCTYPE StudentList[
	
	<!ELEMENT StudentList (Student*)>
	<!ELEMENT Student (Name,ID,CGPA,Courses)>
	<!ELEMENT Courses (Course+)>
	<!ELEMENT Course (name,section,grade)>
	
	<!ELEMENT Name (#PCDATA)>
	<!ELEMENT ID (#PCDATA)>
	<!ELEMENT CGPA (#PCDATA)>
	<!ELEMENT name (#PCDATA)>
	<!ELEMENT section (#PCDATA)>
	<!ELEMENT grade (#PCDATA)>
]>

<StudentList>

	<Student>
		<Name>Sample student</Name>
		<ID>12-21211-2</ID>
		<CGPA>3.86</CGPA>
		<Courses>
			<Course>
				<name>Web Tech</name>
				<section>B</section>
				<grade>A+</grade>
			</Course>
			<Course>
				<name>Computer Graphics</name>
				<section>B</section>
				<grade>A</grade>
			</Course>
		</Courses>
	</Student>
	
	<Student>
		<Name>Sample student 2</Name>
		<ID>12-21221-2</ID>
		<CGPA>3.80</CGPA>
		<Courses>
			<Course>
				<name>Web Tech</name>
				<section>B</section>
				<grade>A+</grade>
			</Course>
			<Course>
				<name>Computer Graphics</name>
				<section>B</section>
				<grade>A</grade>
			</Course>
		</Courses>
	</Student>

</StudentList>